{"macro": {"size": {"kd": -0.2065211970798373, "sp": -0.29276579179247864, "ps": -0.2899415667906289}, "bn_score": {"kd": -0.12202020202020204, "sp": -0.18172217221722173, "ps": -0.15935305779900594}, "diswot": {"kd": -0.056565656565656576, "sp": -0.08472847284728471, "ps": -0.0643447686999599}, "entropy": {"kd": -0.29979797979797984, "sp": -0.442124212421242, "ps": -0.4763520201199744}, "epe_nas": {"kd": NaN, "sp": NaN, "ps": NaN}, "fisher": {"kd": -0.05535353535353536, "sp": -0.09154515451545153, "ps": -0.23687746285602496}, "grad_angle": {"kd": 0.0294949494949495, "sp": 0.04651665166516652, "ps": 0.020849932446463708}, "grad_conflict": {"kd": 0.37090909090909097, "sp": 0.5606480648064806, "ps": 0.5334764586095545}, "grad_norm": {"kd": 0.3062626262626263, "sp": 0.4635823582358235, "ps": 0.5008748308721283}, "grasp": {"kd": -0.4000000000000001, "sp": -0.5457785778577857, "ps": -0.496649386087774}, "jacov": {"kd": 0.3620202020202021, "sp": 0.5297689768976898, "ps": 0.457737626643693}, "l2_norm": {"kd": -0.21090909090909093, "sp": -0.3124032403240323, "ps": -0.32490664641346634}, "logsynflow": {"kd": NaN, "sp": NaN, "ps": NaN}, "mixup": {"kd": -0.07757575757575759, "sp": -0.13072907290729072, "ps": -0.07223093311056435}, "nwot": {"kd": 0.4577777777777779, "sp": 0.6259705970597058, "ps": 0.6729460569868956}, "orm": {"kd": -0.17414141414141415, "sp": -0.24644464446444642, "ps": -2.1713634740815795e-07}, "plain": {"kd": -0.02262626262626263, "sp": -0.03336333633363336, "ps": -0.044057994540366935}, "snip": {"kd": 0.2428282828282829, "sp": 0.3575277527752775, "ps": 0.38258114937305104}, "synflow": {"kd": NaN, "sp": NaN, "ps": 0.0}, "zen": {"kd": 0.010505050505050507, "sp": 0.01952595259525952, "ps": 0.010374742444357942}, "zico": {"kd": 0.0016161616161616164, "sp": 0.010045004500450044, "ps":
